Ticker,Quantity,Market
AADI,1000000,19
AAL,1000000,19
AAON,1000000,19
AAPL,1000000,19
AATC,1000000,19
AAWW,1000000,19
AAXJ,1000000,19
ABCB,1000000,19
ABCL,1000000,19
ABCM,1000000,19
ABGI,221700,19
ABMD,1000000,19
ABNB,1000000,19
ABOS,1000000,19
ABST,1000000,19
ABTX,1000000,19
ACAB,979000,19
ACAH,1000000,19
ACCD,1000000,19
ACET,1000000,19
ACEV,984600,19
ACGL,1000000,19
ACHC,1000000,19
ACHV,790800,19
ACIW,1000000,19
ACLS,1000000,19
ACMR,1000000,19
ACNB,1000000,19
ACQR,1000000,19
ACQRU,1000000,19
ACRS,1000000,19
ACT,1000000,19
ACTD,464300,19
ACTG,1000000,19
ACVA,1000000,19
ACWI,1000000,19
ACWX,1000000,19
ACXP,254900,19
ADBE,1000000,19
ADER,316900,19
ADES,1000000,19
ADI,1000000,19
ADP,1000000,19
ADPT,1000000,19
ADSK,1000000,19
ADTN,1000000,19
ADUS,1000000,19
ADV,1000000,19
AEHA,490100,19
AEIS,1000000,19
AEP,1000000,19
AEPPZ,1000000,19
AERI,1000000,19
AEYE,709700,19
AFAC,1000000,19
AFAQ,428100,19
AFARU,142200,19
AFBI,312800,19
AFCG,1000000,19
AFRM,1000000,19
AFYA,1000000,19
AGGR,1000000,19
AGGRU,382000,19
AGIO,1000000,19
AGNC,1000000,19
AGYS,1000000,19
AHCO,1000000,19
AHPA,1000000,19
AIA,1000000,19
AIKI,402800,19
AIMC,1000000,19
AINV,1000000,19
AIP,1000000,19
AIRG,1000000,19
AIRS,1000000,19
AKAM,1000000,19
AKRO,1000000,19
AKTS,1000000,19
AKUS,1000000,19
AKYA,1000000,19
ALBO,1000000,19
ALCO,1000000,19
ALDX,1000000,19
ALEC,1000000,19
ALGM,1000000,19
ALGN,1000000,19
ALGT,1000000,19
ALHC,1000000,19
ALIM,414600,19
ALKS,1000000,19
ALKT,1000000,19
ALLO,1000000,19
ALNY,1000000,19
ALOR,740000,19
ALOT,1000000,19
ALPA,1000000,19
ALPN,1000000,19
ALRM,1000000,19
ALRS,1000000,19
ALT,1000000,19
ALTO,1000000,19
ALTR,1000000,19
ALTU,168100,19
ALVR,1000000,19
ALXO,1000000,19
AMAL,1000000,19
AMAT,1000000,19
AMBA,1000000,19
AMCI,750400,19
AMCX,1000000,19
AMD,1000000,19
AMED,1000000,19
AMEH,1000000,19
AMGN,1000000,19
AMKR,1000000,19
AMNB,1000000,19
AMOT,1000000,19
AMPH,1000000,19
AMRK,1000000,19
AMSC,1000000,19
AMSF,1000000,19
AMSWA,1000000,19
AMTB,1000000,19
AMTX,1000000,19
AMWD,1000000,19
AMYT,1000000,19
AMZN,1000000,19
ANAB,1000000,19
ANDE,1000000,19
ANGI,1000000,19
ANGL,1000000,19
ANGO,1000000,19
ANIK,1000000,19
ANIP,1000000,19
ANNX,1000000,19
ANSS,1000000,19
ANZU,1000000,19
ANZUU,211700,19
AOSL,1000000,19
AOUT,1000000,19
APA,1000000,19
APAC,395300,19
APEI,1000000,19
APEN,1000000,19
API,1000000,19
APLS,1000000,19
APOG,1000000,19
APP,1000000,19
APPF,1000000,19
APPN,1000000,19
APPS,1000000,19
APTM,448100,19
APYX,1000000,19
ARBG,587000,19
ARCB,1000000,19
ARCC,1000000,19
ARCE,1000000,19
ARCK,779100,19
ARCT,1000000,19
ARGU,1000000,19
ARGX,1000000,19
ARHS,1000000,19
ARKO,1000000,19
ARKR,768900,19
ARLP,1000000,19
AROW,1000000,19
ARQT,1000000,19
ARRY,1000000,19
ARTNA,1000000,19
ARVN,1000000,19
ARWR,1000000,19
ARYD,1000000,19
ASLE,1000000,19
ASML,1000000,19
ASND,1000000,19
ASO,1000000,19
ASPC,1000000,19
ASPS,1000000,19
ASRV,1000000,19
ASTE,1000000,19
ASTL,1000000,19
ASUR,1000000,19
ASYS,1000000,19
ATAI,1000000,19
ATAK,746800,19
ATAX,369000,19
ATCX,1000000,19
ATEC,1000000,19
ATEX,1000000,19
ATHA,1000000,19
ATLC,1000000,19
ATLO,1000000,19
ATNI,1000000,19
ATOM,1000000,19
ATRA,1000000,19
ATRC,1000000,19
ATRI,588100,19
ATRO,1000000,19
ATSG,1000000,19
ATVC,1000000,19
ATVI,1000000,19
AUB,1000000,19
AUBN,258300,19
AUDC,1000000,19
AUPH,1000000,19
AVAC,527100,19
AVAV,1000000,19
AVDX,1000000,19
AVGO,1000000,19
AVID,1000000,19
AVIR,1000000,19
AVNW,1000000,19
AVO,1000000,19
AVPT,1000000,19
AVT,1000000,19
AVXL,1000000,19
AXGN,1000000,19
AXNX,1000000,19
AXON,1000000,19
AXSM,1000000,19
AXTI,1000000,19
AY,1000000,19
AZN,1000000,19
AZPN,1000000,19
AZTA,1000000,19
BAFN,367700,19
BAND,1000000,19
BANF,1000000,19
BANR,1000000,19
BASE,1000000,19
BATRA,1000000,19
BATRK,1000000,19
BBBY,1000000,19
BBCP,1000000,19
BBH,518800,19
BBIO,1000000,19
BBQ,1000000,19
BBSI,1000000,19
BCAC,340200,19
BCBP,1000000,19
BCML,1000000,19
BCOR,1000000,19
BCOV,1000000,19
BCOW,184600,19
BCPC,1000000,19
BCRX,1000000,19
BCYC,1000000,19
BEAM,1000000,19
BECN,1000000,19
BELFA,365300,19
BELFB,1000000,19
BFC,767600,19
BFIN,1000000,19
BFST,1000000,19
BGCP,1000000,19
BGNE,1000000,19
BHF,1000000,19
BHSE,392800,19
BIB,111700,19
BIDU,1000000,19
BIGC,1000000,19
BIIB,1000000,19
BIOL,700000,19
BIOS,1000000,19
BJRI,1000000,19
BKCC,1000000,19
BKEP,1000000,19
BKNG,1000000,19
BKR,1000000,19
BKSC,439000,19
BL,1000000,19
BLBD,1000000,19
BLDE,1000000,19
BLDP,1000000,19
BLEU,1000000,19
BLFS,1000000,19
BLFY,1000000,19
BLI,1000000,19
BLKB,1000000,19
BLMN,1000000,19
BLSA,1000000,19
BLTS,1000000,19
BLU,1000000,19
BLZE,1000000,19
BMAQ,1000000,19
BMBL,1000000,19
BMEA,1000000,19
BMRC,1000000,19
BMRN,1000000,19
BNDX,1000000,19
BNFT,1000000,19
BNNR,1000000,19
BNTX,1000000,19
BOKF,1000000,19
BOOM,1000000,19
BOTJ,290100,19
BOTZ,1000000,19
BPMC,1000000,19
BPOP,1000000,19
BPRN,976600,19
BPYPO,1000000,19
BPYPP,315600,19
BRAC,475900,19
BRIV,546200,19
BRKL,1000000,19
BRKR,1000000,19
BRLI,293400,19
BRLT,1000000,19
BRP,1000000,19
BRY,1000000,19
BRZE,1000000,19
BSBK,482300,19
BSCM,1000000,19
BSCN,1000000,19
BSCO,1000000,19
BSCP,476300,19
BSET,1000000,19
BSJM,803700,19
BSJN,855600,19
BSJO,265400,19
BSKY,909100,19
BSRR,1000000,19
BSVN,811000,19
BSY,1000000,19
BTAI,853500,19
BTRS,1000000,19
BTWN,1000000,19
BUG,1000000,19
BUSE,1000000,19
BVS,1000000,19
BWAY,472700,19
BWB,1000000,19
BWC,549000,19
BWFG,1000000,19
BWMN,1000000,19
BWMX,1000000,19
BYRN,1000000,19
BYTS,1000000,19
BZ,1000000,19
BZUN,1000000,19
CAC,1000000,19
CACC,1000000,19
CAKE,1000000,19
CALB,1000000,19
CALM,1000000,19
CAMP,1000000,19
CAMT,1000000,19
CAN,1000000,19
CAR,1000000,19
CARA,1000000,19
CARE,1000000,19
CARG,1000000,19
CASH,1000000,19
CASS,1000000,19
CASY,1000000,19
CATY,1000000,19
CBAN,1000000,19
CBFV,838900,19
CBNK,1000000,19
CBRL,1000000,19
CBSH,1000000,19
CBTX,1000000,19
CCAP,1000000,19
CCB,1000000,19
CCBG,1000000,19
CCCC,1000000,19
CCEP,1000000,19
CCMP,1000000,19
CCNE,1000000,19
CCOI,1000000,19
CCRN,1000000,19
CCSI,1000000,19
CCTS,540800,19
CD,1000000,19
CDEV,1000000,19
CDK,1000000,19
CDLX,1000000,19
CDMO,1000000,19
CDNA,1000000,19
CDNS,1000000,19
CDW,1000000,19
CDXS,1000000,19
CECE,1000000,19
CELC,1000000,19
CELH,1000000,19
CENT,1000000,19
CENTA,1000000,19
CENX,1000000,19
CERE,1000000,19
CERS,1000000,19
CERT,1000000,19
CEVA,1000000,19
CFB,1000000,19
CFBK,334700,19
CFFI,522100,19
CFFN,1000000,19
CFIV,719200,19
CFIVU,1000000,19
CFLT,1000000,19
CFRX,1000000,19
CG,1000000,19
CGBD,1000000,19
CGEM,1000000,19
CGNT,1000000,19
CGNX,1000000,19
CGRN,1000000,19
CHCO,1000000,19
CHDN,1000000,19
CHEF,1000000,19
CHK,1000000,19
CHKEL,351000,19
CHKEW,1000000,19
CHKEZ,1000000,19
CHKP,1000000,19
CHMG,582900,19
CHNG,1000000,19
CHRS,1000000,19
CHRW,1000000,19
CHTR,1000000,19
CHUY,1000000,19
CHX,1000000,19
CHY,1000000,19
CIBR,1000000,19
CIGI,1000000,19
CIIG,734500,19
CIL,1000000,19
CINF,1000000,19
CIVB,1000000,19
CIZN,542100,19
CLAQ,261100,19
CLAR,1000000,19
CLBK,1000000,19
CLBT,494100,19
CLDX,1000000,19
CLFD,1000000,19
CLIN,1000000,19
CLMT,1000000,19
CLNE,1000000,19
CLOE,584400,19
CLPT,1000000,19
CLRG,107500,19
CLST,625700,19
CMAX,1000000,19
CMBM,1000000,19
CMCO,1000000,19
CMCSA,1000000,19
CMCT,1000000,19
CME,1000000,19
CMLS,1000000,19
CMPR,1000000,19
CMPS,1000000,19
CMTL,1000000,19
CNDT,1000000,19
CNGL,1000000,19
CNOB,1000000,19
CNSL,1000000,19
CNTA,1000000,19
CNTY,1000000,19
CNXC,1000000,19
CNXN,1000000,19
COCO,1000000,19
CODA,732600,19
CODX,1000000,19
COFS,719500,19
COGT,1000000,19
COHR,1000000,19
COHU,1000000,19
COIN,1000000,19
COKE,1000000,19
COLB,1000000,19
COLI,1000000,19
COLL,1000000,19
COLM,1000000,19
COMM,1000000,19
COMT,1000000,19
CONN,1000000,19
CONX,1000000,19
COOL,623000,19
COOLU,309300,19
COOP,1000000,19
CORT,1000000,19
COST,1000000,19
COUP,1000000,19
COVA,486900,19
COVAU,521800,19
COWN,1000000,19
CPAA,825800,19
CPAQ,398800,19
CPAR,878000,19
CPHC,795900,19
CPLP,702400,19
CPRT,1000000,19
CPRX,1000000,19
CPSI,1000000,19
CPSS,1000000,19
CRAI,1000000,19
CRBU,1000000,19
CRDO,1000000,19
CRMT,1000000,19
CRNC,1000000,19
CRNX,1000000,19
CROX,1000000,19
CRSP,1000000,19
CRSR,1000000,19
CRTO,1000000,19
CRUS,1000000,19
CRVL,1000000,19
CRWD,1000000,19
CRWS,1000000,19
CSBR,1000000,19
CSCO,1000000,19
CSGP,1000000,19
CSGS,1000000,19
CSII,1000000,19
CSIQ,1000000,19
CSLM,253700,19
CSPI,1000000,19
CSTE,1000000,19
CSTL,1000000,19
CSTR,1000000,19
CSWC,1000000,19
CSWI,1000000,19
CSX,1000000,19
CTAQ,1000000,19
CTAS,1000000,19
CTBI,1000000,19
CTG,1000000,19
CTKB,1000000,19
CTLP,1000000,19
CTRN,1000000,19
CTSH,1000000,19
CTXS,1000000,19
CUBA,179500,19
CULL,300200,19
CUTR,1000000,19
CVBF,1000000,19
CVCO,1000000,19
CVCY,1000000,19
CVET,1000000,19
CVGI,1000000,19
CVGW,1000000,19
CVLG,1000000,19
CVLT,1000000,19
CVLY,1000000,19
CVRX,1000000,19
CVV,920600,19
CWBC,1000000,19
CWCO,1000000,19
CWST,1000000,19
CXDO,1000000,19
CXSE,129300,19
CYBE,1000000,19
CYBR,1000000,19
CYRX,1000000,19
CYTK,1000000,19
CZNC,1000000,19
CZR,1000000,19
CZWI,1000000,19
DADA,1000000,19
DAIO,1000000,19
DALN,1000000,19
DALS,1000000,19
DAOO,470900,19
DBX,1000000,19
DCBO,1000000,19
DCGO,1000000,19
DCOM,1000000,19
DCOMP,484100,19
DCPH,1000000,19
DCRD,1000000,19
DCT,1000000,19
DDOG,1000000,19
DENN,1000000,19
DFFN,222500,19
DFH,1000000,19
DGICA,1000000,19
DGII,1000000,19
DGNU,1000000,19
DH,1000000,19
DHAC,109200,19
DHBC,934600,19
DHHC,1000000,19
DHIL,1000000,19
DIBS,1000000,19
DICE,1000000,19
DIOD,1000000,19
DISA,424500,19
DISAU,253200,19
DISH,1000000,19
DJCO,355000,19
DKNG,1000000,19
DLCA,594500,19
DLCAU,173800,19
DLHC,1000000,19
DLO,1000000,19
DLTH,1000000,19
DLTR,1000000,19
DMAQ,608300,19
DMRC,1000000,19
DMTK,1000000,19
DNAA,433600,19
DNAB,269500,19
DNAC,1000000,19
DNAD,499100,19
DNLI,1000000,19
DNUT,1000000,19
DOCU,1000000,19
DOMO,1000000,19
DOOO,1000000,19
DORM,1000000,19
DOX,1000000,19
DPCS,1000000,19
DRAY,1000000,19
DRIO,901600,19
DRIV,1000000,19
DRVN,1000000,19
DSAC,1000000,19
DSEY,1000000,19
DSGN,1000000,19
DSGX,1000000,19
DSKE,1000000,19
DSP,1000000,19
DSWL,415400,19
DTRT,577600,19
DUOL,1000000,19
DVAX,1000000,19
DVY,1000000,19
DXCM,1000000,19
DXLG,1000000,19
DXPE,1000000,19
DYN,1000000,19
DZSI,1000000,19
EA,1000000,19
EAC,1000000,19
EBAY,1000000,19
EBC,1000000,19
EBIX,1000000,19
EBMT,857500,19
EBTC,1000000,19
ECPG,1000000,19
EDAP,1000000,19
EDIT,1000000,19
EDOC,283800,19
EDRY,131900,19
EDUC,1000000,19
EEFT,1000000,19
EEMA,242700,19
EFSC,1000000,19
EGAN,1000000,19
EGBN,1000000,19
EGLE,1000000,19
EGRX,1000000,19
EHTH,1000000,19
EIGR,1000000,19
EMB,1000000,19
EMKR,1000000,19
EML,1000000,19
EMXC,1000000,19
EMXF,159600,19
ENCP,681100,19
ENCPU,480800,19
ENPH,1000000,19
ENSG,1000000,19
ENTA,1000000,19
ENTF,1000000,19
ENTG,1000000,19
ENVX,1000000,19
ENZL,147800,19
EOLS,1000000,19
EPHY,1000000,19
EPIX,1000000,19
EPSN,1000000,19
EQBK,1000000,19
EQIX,1000000,19
EQRX,1000000,19
ERAS,1000000,19
ERES,1000000,19
ERIC,1000000,19
ERIE,1000000,19
ERII,1000000,19
ESAC,1000000,19
ESCA,1000000,19
ESGD,1000000,19
ESGE,1000000,19
ESGR,1000000,19
ESGU,1000000,19
ESLT,899300,19
ESPO,357600,19
ESPR,1000000,19
ESQ,1000000,19
ESTA,1000000,19
ETAC,1000000,19
ETNB,1000000,19
ETSY,1000000,19
EUCR,520800,19
EUFN,1000000,19
EVBG,1000000,19
EVCM,1000000,19
EVER,1000000,19
EVLV,1000000,19
EVO,913100,19
EVOJ,246500,19
EVOP,1000000,19
EWBC,1000000,19
EWCZ,1000000,19
EWJV,265300,19
EWTX,1000000,19
EWZS,518700,19
EXAS,1000000,19
EXC,1000000,19
EXEL,1000000,19
EXLS,1000000,19
EXPD,1000000,19
EXPE,1000000,19
EXPI,1000000,19
EXPO,1000000,19
EXTR,1000000,19
EYE,1000000,19
EZPW,1000000,19
FA,1000000,19
FAB,104400,19
FANG,1000000,19
FANH,1000000,19
FARM,1000000,19
FARO,1000000,19
FAST,1000000,19
FATE,1000000,19
FBIZ,1000000,19
FBMS,1000000,19
FBNC,1000000,19
FCBC,1000000,19
FCCO,1000000,19
FCEL,1000000,19
FCFS,1000000,19
FCNCA,1000000,19
FCNCO,741300,19
FCRD,1000000,19
FDMT,1000000,19
FDUS,1000000,19
FEAM,957500,19
FEIM,1000000,19
FELE,1000000,19
FENC,398100,19
FFBC,1000000,19
FFBW,428300,19
FFIC,1000000,19
FFIN,1000000,19
FFIV,1000000,19
FFNW,1000000,19
FFWM,1000000,19
FGBI,779900,19
FGEN,1000000,19
FGMC,742900,19
FGMCU,275000,19
FHB,1000000,19
FHTX,1000000,19
FIACU,351200,19
FIBK,1000000,19
FINM,1000000,19
FINW,729300,19
FINX,754300,19
FISI,1000000,19
FISV,1000000,19
FITB,1000000,19
FIVE,1000000,19
FIVN,1000000,19
FIZZ,1000000,19
FKWL,1000000,19
FLEX,1000000,19
FLGT,1000000,19
FLIC,1000000,19
FLL,1000000,19
FLNC,1000000,19
FLWS,1000000,19
FLXS,1000000,19
FLYW,1000000,19
FMBH,1000000,19
FMNB,1000000,19
FMTX,1000000,19
FNCB,1000000,19
FNKO,1000000,19
FNLC,1000000,19
FNWB,1000000,19
FOCS,1000000,19
FOLD,1000000,19
FONR,1000000,19
FORA,1000000,19
FORM,1000000,19
FORR,1000000,19
FOSL,1000000,19
FOUN,1000000,19
FOX,1000000,19
FOXA,1000000,19
FOXF,1000000,19
FOXW,314700,19
FPXI,102500,19
FRAF,552600,19
FRBA,1000000,19
FRBK,1000000,19
FRBN,497900,19
FREE,1000000,19
FRG,1000000,19
FRGI,1000000,19
FRME,1000000,19
FROG,1000000,19
FRON,1000000,19
FRONU,172800,19
FRPH,1000000,19
FRPT,1000000,19
FRSG,1000000,19
FRSH,1000000,19
FRST,1000000,19
FRW,310200,19
FSBC,1000000,19
FSBW,1000000,19
FSFG,585700,19
FSLR,1000000,19
FSRX,1000000,19
FSSI,841800,19
FSSIU,104600,19
FSTR,1000000,19
FSTX,1000000,19
FSV,1000000,19
FTAA,1000000,19
FTAI,1000000,19
FTC,1000000,19
FTCI,1000000,19
FTCS,1000000,19
FTCV,1000000,19
FTDR,1000000,19
FTGC,114500,19
FTHM,908200,19
FTNT,1000000,19
FTPA,450400,19
FTSM,251400,19
FTVI,467800,19
FTXR,208500,19
FULT,1000000,19
FUNC,1000000,19
FUSB,320800,19
FUTU,1000000,19
FVAM,497100,19
FVCB,1000000,19
FWAC,1000000,19
FWONA,1000000,19
FWONK,1000000,19
FWRD,1000000,19
FWRG,1000000,19
FXNC,861300,19
FYBR,1000000,19
FYX,1000000,19
GABC,1000000,19
GAIA,1000000,19
GAIN,1000000,19
GAMC,1000000,19
GAN,1000000,19
GANX,514500,19
GASS,588000,19
GATE,1000000,19
GBDC,1000000,19
GBIO,1000000,19
GBNY,145800,19
GBT,1000000,19
GDEN,1000000,19
GDRX,1000000,19
GDS,1000000,19
GDYN,1000000,19
GENC,1000000,19
GFGD,751700,19
GFS,1000000,19
GGAA,599300,19
GGAL,1000000,19
GGMC,326100,19
GH,1000000,19
GHAC,1000000,19
GHIX,1000000,19
GIFI,1000000,19
GIII,1000000,19
GIIX,1000000,19
GILD,1000000,19
GILT,1000000,19
GLAD,442800,19
GLBE,1000000,19
GLBL,392100,19
GLDD,1000000,19
GLDI,143700,19
GLHA,1000000,19
GLNG,1000000,19
GLPG,1000000,19
GLPI,1000000,19
GLRE,1000000,19
GLUE,1000000,19
GMAB,1000000,19
GMFI,157300,19
GMGI,456200,19
GNMA,1000000,19
GNSS,1000000,19
GNTX,1000000,19
GNTY,1000000,19
GO,1000000,19
GOGL,1000000,19
GOOD,1000000,19
GOOG,1000000,19
GOOGL,1000000,19
GOSS,1000000,19
GPAC,1000000,19
GPACU,100300,19
GPP,447400,19
GPRE,1000000,19
GPRO,1000000,19
GRCL,1000000,19
GRFS,1000000,19
GRIN,768800,19
GROW,1000000,19
GRPN,1000000,19
GRVY,322200,19
GRWG,1000000,19
GSBC,1000000,19
GSEV,1000000,19
GSHD,1000000,19
GSIT,1000000,19
GSM,1000000,19
GSRM,748800,19
GSRMU,1000000,19
GT,1000000,19
GTAC,150800,19
GTHX,1000000,19
GTLB,1000000,19
GTPA,956500,19
GTPB,1000000,19
GTX,1000000,19
GTXAP,1000000,19
GTYH,1000000,19
GURE,497500,19
GWII,182500,19
GWRS,1000000,19
GXII,623700,19
GXTG,114900,19
HA,1000000,19
HAAC,1000000,19
HAACU,116600,19
HAFC,1000000,19
HAIA,673200,19
HAIN,1000000,19
HALO,1000000,19
HAS,1000000,19
HAYN,1000000,19
HBAN,1000000,19
HBCP,1000000,19
HBIO,1000000,19
HBNC,1000000,19
HBT,1000000,19
HCAR,1000000,19
HCAT,1000000,19
HCCI,1000000,19
HCIC,1000000,19
HCKT,1000000,19
HCM,1000000,19
HCNE,332400,19
HCSG,1000000,19
HCVI,406300,19
HDSN,1000000,19
HEAR,1000000,19
HEES,1000000,19
HELE,1000000,19
HERA,1000000,19
HERO,154100,19
HEWG,124300,19
HFFG,1000000,19
HFWA,1000000,19
HHS,238400,19
HIBB,1000000,19
HIFS,489000,19
HIII,1000000,19
HIIIU,117100,19
HIMX,1000000,19
HLAH,601700,19
HLIT,1000000,19
HLMN,1000000,19
HLNE,1000000,19
HMCO,775800,19
HMNF,1000000,19
HMST,1000000,19
HMTV,1000000,19
HNNA,417100,19
HNRG,1000000,19
HOFT,1000000,19
HOLI,1000000,19
HOLX,1000000,19
HON,1000000,19
HONE,1000000,19
HOPE,1000000,19
HQI,978000,19
HQY,1000000,19
HRMY,1000000,19
HRZN,1000000,19
HSAQ,714800,19
HSIC,1000000,19
HSII,1000000,19
HSKA,1000000,19
HSON,1000000,19
HST,1000000,19
HSTM,1000000,19
HTBI,1000000,19
HTBK,1000000,19
HTHT,1000000,19
HTLD,1000000,19
HTLF,1000000,19
HTLFP,125800,19
HTZ,1000000,19
HUBG,1000000,19
HURC,1000000,19
HURN,1000000,19
HWBK,934700,19
HWC,1000000,19
HWKN,1000000,19
HYFM,1000000,19
HYZN,733100,19
HZNP,1000000,19
IAC,1000000,19
IART,1000000,19
IAS,1000000,19
IBB,1000000,19
IBCP,1000000,19
IBEX,1000000,19
IBKR,1000000,19
IBOC,1000000,19
IBRX,1000000,19
IBTX,1000000,19
ICAD,1000000,19
ICCC,831100,19
ICFI,1000000,19
ICHR,1000000,19
ICLN,1000000,19
ICLR,1000000,19
ICMB,269000,19
ICPT,1000000,19
ICUI,1000000,19
ICVX,1000000,19
IDCC,1000000,19
IDXX,1000000,19
IDYA,1000000,19
IEA,1000000,19
IEF,1000000,19
IEI,1000000,19
IEP,1000000,19
IESC,1000000,19
IFGL,106600,19
IGAC,327500,19
IGF,1000000,19
IGIB,1000000,19
IGIC,159600,19
IGMS,1000000,19
IGNY,699900,19
IGSB,1000000,19
IGTA,264600,19
IHRT,1000000,19
IHYF,1000000,19
III,1000000,19
IIII,647400,19
IIIIU,1000000,19
IIIV,1000000,19
IIVI,1000000,19
IJT,1000000,19
IKNA,1000000,19
ILMN,1000000,19
ILPT,1000000,19
IMAQ,163600,19
IMCR,1000000,19
IMCV,1000000,19
IMGN,1000000,19
IMGO,1000000,19
IMKTA,1000000,19
IMMR,1000000,19
IMOS,389700,19
IMRX,1000000,19
IMUX,1000000,19
IMVT,1000000,19
IMXI,1000000,19
INBK,1000000,19
INBX,1000000,19
INCY,1000000,19
INDB,1000000,19
INDT,1000000,19
INDY,1000000,19
INFN,1000000,19
INGN,1000000,19
INKA,149500,19
INMB,550100,19
INMD,1000000,19
INOD,1000000,19
INSE,1000000,19
INSM,1000000,19
INTA,1000000,19
INTC,1000000,19
INTE,1000000,19
INTU,1000000,19
INVA,1000000,19
INVE,1000000,19
INVZ,1000000,19
IOAC,622300,19
IONS,1000000,19
IOSP,1000000,19
IOVA,1000000,19
IPAR,1000000,19
IPAX,177400,19
IPGP,1000000,19
IPSC,1000000,19
IPVI,1000000,19
IQ,1000000,19
IQMD,1000000,19
IRBT,1000000,19
IRDM,1000000,19
IRMD,1000000,19
IROQ,293900,19
IRTC,1000000,19
IRWD,1000000,19
ISAA,892200,19
ISDX,1000000,19
ISEE,1000000,19
ISEM,326300,19
ISLE,230600,19
ISRG,1000000,19
ISSC,1000000,19
ISTB,1000000,19
ISTR,1000000,19
ITCI,1000000,19
ITHX,467500,19
ITIC,665900,19
ITOS,1000000,19
ITRI,1000000,19
ITRN,1000000,19
IUSB,1000000,19
IUSG,1000000,19
IUSV,1000000,19
IVAC,1000000,19
IVCB,611900,19
IVCP,110900,19
IXAQ,867500,19
IXUS,1000000,19
JACK,1000000,19
JAKK,1000000,19
JAMF,1000000,19
JANX,1000000,19
JAQC,775900,19
JAZZ,1000000,19
JBHT,1000000,19
JBLU,1000000,19
JBSS,1000000,19
JCIC,1000000,19
JCICU,157100,19
JD,1000000,19
JGGC,1000000,19
JJSF,1000000,19
JKHY,1000000,19
JOET,105100,19
JOFF,1000000,19
JOFFU,175700,19
JOUT,1000000,19
JRVR,1000000,19
JYAC,395100,19
JYNT,1000000,19
KAII,1000000,19
KAIIU,148300,19
KAIRU,310700,19
KALU,1000000,19
KALV,1000000,19
KARO,149200,19
KBAL,1000000,19
KBWB,1000000,19
KBWD,1000000,19
KDNY,1000000,19
KDP,1000000,19
KE,1000000,19
KELYA,1000000,19
KEQU,705000,19
KFFB,311200,19
KFRC,1000000,19
KHC,1000000,19
KIDS,1000000,19
KIIIU,125500,19
KINS,1000000,19
KINZ,1000000,19
KLAC,1000000,19
KLAQ,137200,19
KLAQU,492300,19
KLIC,1000000,19
KLXE,517900,19
KMDA,324800,19
KMPH,1000000,19
KNBE,1000000,19
KNSA,1000000,19
KNTE,1000000,19
KOD,1000000,19
KRNL,1000000,19
KRNT,1000000,19
KRNY,1000000,19
KRON,1000000,19
KROS,1000000,19
KRT,1000000,19
KRTX,1000000,19
KRUS,1000000,19
KRYS,1000000,19
KSI,1000000,19
KTCC,1000000,19
KTOS,1000000,19
KURA,1000000,19
KVHI,1000000,19
KVSA,1000000,19
KVSC,915700,19
KYMR,1000000,19
KZIA,178400,19
KZR,1000000,19
LAKE,1000000,19
LAMR,1000000,19
LANC,1000000,19
LAND,1000000,19
LARK,540600,19
LASR,1000000,19
LATG,636800,19
LAUR,1000000,19
LAX,1000000,19
LAZY,1000000,19
LBAI,1000000,19
LBC,1000000,19
LBPH,1000000,19
LBRDA,1000000,19
LBRDK,1000000,19
LBTYA,1000000,19
LBTYK,1000000,19
LCA,1000000,19
LCAHU,158200,19
LCNB,1000000,19
LCUT,1000000,19
LDHAU,149300,19
LE,1000000,19
LECO,1000000,19
LEE,1000000,19
LEGA,1000000,19
LEGH,1000000,19
LEGN,1000000,19
LESL,1000000,19
LFST,1000000,19
LFUS,1000000,19
LFVN,1000000,19
LGAC,1000000,19
LGIH,1000000,19
LGND,1000000,19
LGO,1000000,19
LGST,1000000,19
LGSTU,1000000,19
LGTO,1000000,19
LGVC,407700,19
LHAA,456200,19
LHCG,1000000,19
LI,1000000,19
LIBY,107300,19
LILA,1000000,19
LILAK,1000000,19
LINC,1000000,19
LITE,1000000,19
LIVN,1000000,19
LJAQ,207900,19
LJPC,1000000,19
LKFN,1000000,19
LKQ,1000000,19
LMACA,942700,19
LMACU,1000000,19
LMAT,1000000,19
LMBS,160900,19
LMNR,1000000,19
LMST,653400,19
LNDC,1000000,19
LNSR,1000000,19
LNT,1000000,19
LNTH,1000000,19
LNW,1000000,19
LOB,1000000,19
LOCO,1000000,19
LOGI,1000000,19
LOPE,1000000,19
LOVE,1000000,19
LPLA,1000000,19
LPRO,1000000,19
LPSN,1000000,19
LQDA,1000000,19
LQDT,1000000,19
LRCX,1000000,19
LRFC,299500,19
LSBK,316400,19
LSCC,1000000,19
LSEA,1000000,19
LSTR,1000000,19
LSXMA,1000000,19
LSXMK,1000000,19
LTRN,1000000,19
LTRX,1000000,19
LULU,1000000,19
LUMO,1000000,19
LUNA,1000000,19
LUNG,1000000,19
LUXA,1000000,19
LVHD,290400,19
LVRA,1000000,19
LWAY,1000000,19
LYEL,1000000,19
LYFT,1000000,19
LYLT,1000000,19
LYTS,1000000,19
MACA,980200,19
MACK,1000000,19
MANH,1000000,19
MANT,1000000,19
MAPS,1000000,19
MAQC,366900,19
MAR,1000000,19
MASI,1000000,19
MASS,1000000,19
MAT,1000000,19
MATW,1000000,19
MAXN,1000000,19
MBB,1000000,19
MBCN,991700,19
MBIN,1000000,19
MBTC,1000000,19
MBUU,1000000,19
MBWM,1000000,19
MCAE,536200,19
MCAF,217500,19
MCBC,1000000,19
MCBS,1000000,19
MCFT,1000000,19
MCHI,1000000,19
MCHP,1000000,19
MCRI,1000000,19
MDB,1000000,19
MDGL,1000000,19
MDIV,125200,19
MDLZ,1000000,19
MDRX,1000000,19
MDWT,237800,19
MDXG,1000000,19
MEDP,1000000,19
MEKA,1000000,19
MELI,1000000,19
MEOA,1000000,19
MEOH,1000000,19
MERC,1000000,19
META,1000000,19
METC,1000000,19
MFIN,1000000,19
MGEE,1000000,19
MGI,1000000,19
MGIC,1000000,19
MGNI,1000000,19
MGPI,1000000,19
MGRC,1000000,19
MGTX,1000000,19
MGYR,454200,19
MIDD,1000000,19
MIRM,1000000,19
MIRO,656600,19
MITK,1000000,19
MKSI,1000000,19
MKTX,1000000,19
MLAB,1000000,19
MLAI,653500,19
MLCO,1000000,19
MLKN,1000000,19
MLVF,676000,19
MMLP,1000000,19
MMSI,1000000,19
MMYT,1000000,19
MNDT,1000000,19
MNDY,1000000,19
MNKD,1000000,19
MNRO,1000000,19
MNSB,1000000,19
MNST,1000000,19
MNTK,1000000,19
MNTV,1000000,19
MNTX,1000000,19
MODV,1000000,19
MOFG,1000000,19
MOMO,1000000,19
MON,1000000,19
MORF,1000000,19
MORN,1000000,19
MPAA,1000000,19
MPB,1000000,19
MPWR,1000000,19
MQ,1000000,19
MRAM,1000000,19
MRBK,1000000,19
MRCC,878400,19
MRCY,1000000,19
MRNA,1000000,19
MRNS,1000000,19
MRSN,1000000,19
MRTN,1000000,19
MRTX,1000000,19
MRUS,1000000,19
MRVI,1000000,19
MRVL,1000000,19
MSAC,283800,19
MSBI,1000000,19
MSDA,1000000,19
MSEX,1000000,19
MSFT,1000000,19
MSVB,110900,19
MTBC,1000000,19
MTCH,1000000,19
MTEX,223000,19
MTLS,1000000,19
MTRX,1000000,19
MTRY,443600,19
MTSI,1000000,19
MTTR,1000000,19
MU,1000000,19
MUDS,321400,19
MXCT,1000000,19
MXL,1000000,19
MYFW,1000000,19
MYGN,1000000,19
MYPS,1000000,19
MYRG,1000000,19
NAAC,1000000,19
NAII,1000000,19
NARI,1000000,19
NATH,555100,19
NATI,1000000,19
NATR,1000000,19
NAVI,1000000,19
NBIX,1000000,19
NBN,1000000,19
NBST,171000,19
NBTB,1000000,19
NCNO,1000000,19
NCSM,344700,19
NDAC,792400,19
NDAQ,1000000,19
NDLS,1000000,19
NDSN,1000000,19
NECB,1000000,19
NEO,1000000,19
NEOG,1000000,19
NEWT,1000000,19
NFBK,1000000,19
NFE,1000000,19
NFLX,1000000,19
NGM,1000000,19
NGMS,1000000,19
NHIC,822600,19
NHTC,869200,19
NICE,1000000,19
NICK,1000000,19
NIU,1000000,19
NKSH,1000000,19
NKTR,1000000,19
NLOK,1000000,19
NMFC,1000000,19
NMIH,1000000,19
NMMC,1000000,19
NMRK,1000000,19
NNDM,1000000,19
NOAC,1000000,19
NODK,1000000,19
NOTV,1000000,19
NOVT,1000000,19
NPAB,1000000,19
NPCE,1000000,19
NRAC,1000000,19
NRACU,130600,19
NRC,1000000,19
NRIM,1000000,19
NRIX,1000000,19
NSEC,103300,19
NSIT,1000000,19
NSSC,1000000,19
NSTG,1000000,19
NTAP,1000000,19
NTCT,1000000,19
NTES,1000000,19
NTGR,1000000,19
NTIC,1000000,19
NTLA,1000000,19
NTNX,1000000,19
NTRA,1000000,19
NTRS,1000000,19
NTRSO,1000000,19
NTUS,1000000,19
NTWK,1000000,19
NUBIU,546000,19
NUVA,1000000,19
NUVL,1000000,19
NVAX,1000000,19
NVCR,1000000,19
NVDA,1000000,19
NVEC,1000000,19
NVEE,1000000,19
NVEI,1000000,19
NVMI,1000000,19
NVSAU,188900,19
NVTS,1000000,19
NWBI,1000000,19
NWE,1000000,19
NWFL,927100,19
NWL,1000000,19
NWLI,1000000,19
NWPX,1000000,19
NWS,1000000,19
NWSA,1000000,19
NXGN,1000000,19
NXPI,1000000,19
NXST,1000000,19
NXTC,1000000,19
OAS,1000000,19
OB,1000000,19
OBNK,1000000,19
OCC,1000000,19
OCCI,184800,19
OCFC,1000000,19
OCSL,1000000,19
OCUL,1000000,19
ODFL,1000000,19
ODP,1000000,19
OEPW,1000000,19
OEPWU,656500,19
OFIX,1000000,19
OFLX,1000000,19
OFS,424000,19
OHPA,1000000,19
OHPAU,1000000,19
OIIM,1000000,19
OKTA,1000000,19
OLED,1000000,19
OLIT,1000000,19
OLK,1000000,19
OLLI,1000000,19
OLMA,1000000,19
OLPX,1000000,19
OM,1000000,19
OMAB,1000000,19
OMCL,1000000,19
OMIC,1000000,19
ON,1000000,19
ONB,1000000,19
ONDS,1000000,19
ONEM,1000000,19
ONEW,1000000,19
OPBK,1000000,19
OPCH,1000000,19
OPEN,1000000,19
OPHC,980100,19
OPI,1000000,19
OPNT,1000000,19
OPOF,305700,19
OPRT,1000000,19
OPRX,1000000,19
OPT,1000000,19
ORGN,1000000,19
ORGO,1000000,19
ORLY,1000000,19
ORMP,1000000,19
ORRF,1000000,19
OSBC,1000000,19
OSIS,1000000,19
OSPN,1000000,19
OSTK,1000000,19
OSTR,1000000,19
OSW,1000000,19
OTEX,1000000,19
OTLY,1000000,19
OTTR,1000000,19
OVBC,748300,19
OVLY,958800,19
OXAC,697800,19
OXSQ,1000000,19
OXUS,680700,19
OYST,1000000,19
OZK,1000000,19
PAA,1000000,19
PACB,1000000,19
PACW,1000000,19
PACWP,435800,19
PACX,359700,19
PAGP,1000000,19
PAHC,1000000,19
PANL,1000000,19
PANW,1000000,19
PAQCU,237900,19
PARA,1000000,19
PARAA,1000000,19
PATI,422300,19
PATK,1000000,19
PAX,1000000,19
PAYA,1000000,19
PAYO,1000000,19
PAYX,1000000,19
PBAX,1000000,19
PBFS,1000000,19
PBHC,186800,19
PBIP,1000000,19
PBPB,1000000,19
PCAR,1000000,19
PCB,1000000,19
PCCT,1000000,19
PCH,1000000,19
PCRX,1000000,19
PCSB,1000000,19
PCT,1000000,19
PCTI,1000000,19
PCTTW,309400,19
PCTY,1000000,19
PCVX,1000000,19
PCX,716300,19
PCYG,1000000,19
PCYO,1000000,19
PDBC,1000000,19
PDCE,1000000,19
PDCO,1000000,19
PDD,1000000,19
PDEX,465900,19
PDFS,1000000,19
PDLB,1000000,19
PDSB,1000000,19
PEBK,963300,19
PEBO,1000000,19
PECO,1000000,19
PEGA,1000000,19
PENN,1000000,19
PEP,1000000,19
PEPL,392600,19
PERI,1000000,19
PESI,1000000,19
PETQ,1000000,19
PETS,1000000,19
PFBC,1000000,19
PFC,1000000,19
PFDR,1000000,19
PFF,1000000,19
PFG,1000000,19
PFHD,1000000,19
PFIS,1000000,19
PFSW,1000000,19
PGC,1000000,19
PGJ,917700,19
PGNY,1000000,19
PGRW,253700,19
PHAT,1000000,19
PHIC,1000000,19
PHO,1000000,19
PI,1000000,19
PINC,1000000,19
PKBK,1000000,19
PKOH,1000000,19
PLAB,1000000,19
PLAY,1000000,19
PLBC,979000,19
PLBY,1000000,19
PLCE,1000000,19
PLL,1000000,19
PLMI,563000,19
PLMR,1000000,19
PLPC,1000000,19
PLRX,1000000,19
PLTK,1000000,19
PLUG,1000000,19
PLUS,1000000,19
PLXS,1000000,19
PLYA,1000000,19
PMD,1000000,19
PMGM,1000000,19
PMGMU,146500,19
PMTS,592900,19
PMVP,1000000,19
PNFP,1000000,19
PNQI,130800,19
PNT,1000000,19
PNTG,1000000,19
PODD,1000000,19
POOL,1000000,19
POSH,1000000,19
POTX,120200,19
POW,1000000,19
POWI,1000000,19
POWL,1000000,19
POWRU,297300,19
POWW,1000000,19
PPBI,1000000,19
PPC,1000000,19
PPH,202300,19
PPIH,1000000,19
PRAA,1000000,19
PRDO,1000000,19
PRFT,1000000,19
PRGS,1000000,19
PRIM,1000000,19
PRLD,1000000,19
PROV,1000000,19
PRPH,1000000,19
PRPL,1000000,19
PRSR,735700,19
PRTA,1000000,19
PRTS,1000000,19
PRVA,1000000,19
PRVB,1000000,19
PSAG,385500,19
PSCH,400500,19
PSCT,1000000,19
PSEC,1000000,19
PSMT,1000000,19
PSNL,1000000,19
PTC,1000000,19
PTCT,1000000,19
PTEN,1000000,19
PTGX,1000000,19
PTIC,761700,19
PTOC,1000000,19
PTON,1000000,19
PTRA,1000000,19
PTSI,1000000,19
PTVE,1000000,19
PUBM,1000000,19
PUCK,301200,19
PUI,324200,19
PVBC,1000000,19
PWOD,1000000,19
PWP,1000000,19
PYCR,1000000,19
PYPL,1000000,19
PZZA,1000000,19
QCLN,915200,19
QCOM,1000000,19
QCRH,1000000,19
QDEL,1000000,19
QFIN,1000000,19
QLYS,1000000,19
QNST,1000000,19
QQEW,955400,19
QQQ,1000000,19
QQQN,1000000,19
QRHC,1000000,19
QRTEA,1000000,19
QRTEP,1000000,19
QRVO,1000000,19
QTEC,1000000,19
QTRX,1000000,19
QUIK,1000000,19
QURE,1000000,19
QYLD,1000000,19
RADA,1000000,19
RADI,1000000,19
RAIL,1000000,19
RAPT,1000000,19
RARE,1000000,19
RBB,1000000,19
RBCAA,1000000,19
RBCN,225300,19
RBKB,560500,19
RCAC,1000000,19
RCEL,1000000,19
RCHG,202800,19
RCII,1000000,19
RCKT,1000000,19
RCKY,1000000,19
RCLF,1000000,19
RCM,1000000,19
RCMT,1000000,19
RDCM,314400,19
RDFN,1000000,19
RDI,1000000,19
RDNT,1000000,19
RDUS,1000000,19
RDVT,1000000,19
RDVY,1000000,19
RDWR,1000000,19
REG,1000000,19
REGN,1000000,19
RELL,1000000,19
RELY,1000000,19
RENEU,186600,19
RENT,1000000,19
REPL,1000000,19
RETA,1000000,19
REVH,1000000,19
REYN,1000000,19
RFIL,1000000,19
RGCO,1000000,19
RGEN,1000000,19
RGLD,1000000,19
RGNX,1000000,19
RGP,1000000,19
RICK,1000000,19
RILY,1000000,19
RIOT,1000000,19
RKLB,1000000,19
RLAY,1000000,19
RLMD,1000000,19
RLYB,1000000,19
RMBI,1000000,19
RMBS,1000000,19
RNA,1000000,19
RNDB,730200,19
RNGR,1000000,19
RNLX,892900,19
RNST,1000000,19
RNW,1000000,19
ROAD,1000000,19
ROCC,1000000,19
ROCG,326600,19
ROCK,1000000,19
ROCL,234400,19
ROIC,1000000,19
ROIV,1000000,19
ROKU,1000000,19
ROLL,1000000,19
ROLLP,1000000,19
ROST,1000000,19
ROVR,1000000,19
RPAY,1000000,19
RPD,1000000,19
RPRX,1000000,19
RPTX,1000000,19
RRBI,1000000,19
RRGB,1000000,19
RRR,1000000,19
RSVR,1000000,19
RTH,161900,19
RTL,1000000,19
RTLR,1000000,19
RUN,1000000,19
RUSHA,1000000,19
RUSHB,1000000,19
RUTH,1000000,19
RVAC,555900,19
RVMD,1000000,19
RVNC,1000000,19
RVSB,1000000,19
RWAY,163600,19
RXDX,1000000,19
RXRA,1000000,19
RXRX,1000000,19
RXST,1000000,19
RXT,1000000,19
RYAAY,1000000,19
RYTM,1000000,19
SABR,1000000,19
SAFM,1000000,19
SAFT,1000000,19
SAGA,678800,19
SAGE,1000000,19
SAIA,1000000,19
SAL,388200,19
SAMG,1000000,19
SANA,1000000,19
SANG,1000000,19
SANM,1000000,19
SARK,1000000,19
SASR,1000000,19
SATS,1000000,19
SBAC,1000000,19
SBCF,1000000,19
SBFG,1000000,19
SBGI,1000000,19
SBLK,1000000,19
SBNY,1000000,19
SBRA,1000000,19
SBSI,1000000,19
SBT,1000000,19
SBTX,1000000,19
SBUX,1000000,19
SCHL,1000000,19
SCHN,1000000,19
SCLE,1000000,19
SCOA,1000000,19
SCOB,1000000,19
SCPH,1000000,19
SCPL,1000000,19
SCRM,1000000,19
SCSC,1000000,19
SCVL,1000000,19
SCWX,1000000,19
SCZ,1000000,19
SDACU,255600,19
SDGR,1000000,19
SEAT,1000000,19
SEDG,1000000,19
SEER,1000000,19
SEIC,1000000,19
SELF,1000000,19
SENEA,1000000,19
SFIX,1000000,19
SFM,1000000,19
SFNC,1000000,19
SFST,1000000,19
SGA,1000000,19
SGC,1000000,19
SGEN,1000000,19
SGH,1000000,19
SGHT,1000000,19
SGMO,1000000,19
SGRY,1000000,19
SHAC,154100,19
SHACU,242200,19
SHBI,1000000,19
SHC,1000000,19
SHCA,1000000,19
SHEN,1000000,19
SHLS,1000000,19
SHOO,1000000,19
SHQA,143300,19
SHUAU,254400,19
SHV,1000000,19
SHY,1000000,19
SHYF,1000000,19
SIBN,1000000,19
SIER,140900,19
SIGA,1000000,19
SIGI,1000000,19
SILC,1000000,19
SILK,1000000,19
SIMO,1000000,19
SITM,1000000,19
SIVB,1000000,19
SKIN,1000000,19
SKYT,370200,19
SKYW,1000000,19
SKYY,1000000,19
SLAB,1000000,19
SLAM,1000000,19
SLCR,734300,19
SLGC,1000000,19
SLGN,1000000,19
SLM,1000000,19
SLNG,234600,19
SLP,1000000,19
SLRC,1000000,19
SLVO,382300,19
SLVR,1000000,19
SMAP,1000000,19
SMBC,1000000,19
SMBK,1000000,19
SMCI,1000000,19
SMED,1000000,19
SMH,1000000,19
SMIHU,410600,19
SMLR,1000000,19
SMMF,1000000,19
SMPL,1000000,19
SMTC,1000000,19
SMTI,237900,19
SNBR,1000000,19
SNCE,1000000,19
SNCY,1000000,19
SNDX,1000000,19
SNEX,1000000,19
SNFCA,1000000,19
SNPO,1000000,19
SNPS,1000000,19
SNRH,1000000,19
SNY,1000000,19
SOCL,354400,19
SOFI,1000000,19
SOHU,1000000,19
SONO,1000000,19
SOTK,398000,19
SOVO,1000000,19
SOXX,1000000,19
SP,1000000,19
SPCM,138300,19
SPFI,1000000,19
SPLK,1000000,19
SPNE,1000000,19
SPNS,1000000,19
SPOK,1000000,19
SPSC,1000000,19
SPT,1000000,19
SPTN,1000000,19
SPWH,1000000,19
SPWR,1000000,19
SQFT,353400,19
SQQQ,1000000,19
SRAX,1000000,19
SRCE,1000000,19
SRCL,1000000,19
SRDX,1000000,19
SRGA,386700,19
SRPT,1000000,19
SRRK,1000000,19
SRTS,1000000,19
SSAA,391300,19
SSB,1000000,19
SSBI,1000000,19
SSNC,1000000,19
SSP,1000000,19
SSRM,1000000,19
SSSS,1000000,19
SSTI,1000000,19
SSYS,1000000,19
STAA,1000000,19
STBA,1000000,19
STEP,1000000,19
STER,1000000,19
STGW,1000000,19
STIM,1000000,19
STKL,1000000,19
STKS,1000000,19
STLD,1000000,19
STNE,1000000,19
STOK,1000000,19
STRA,1000000,19
STRL,1000000,19
STRO,1000000,19
STRS,1000000,19
STRT,1000000,19
STTK,1000000,19
STX,1000000,19
SUMO,1000000,19
SUPN,1000000,19
SUSL,1000000,19
SVC,1000000,19
SVFA,1000000,19
SVFAU,153400,19
SVFB,923500,19
SWAG,1000000,19
SWAV,1000000,19
SWBI,1000000,19
SWET,925700,19
SWETU,121500,19
SWIM,1000000,19
SWIR,1000000,19
SWKH,1000000,19
SWKS,1000000,19
SWSS,959500,19
SWTX,1000000,19
SYBT,1000000,19
SYNA,1000000,19
SYNH,1000000,19
SYNL,1000000,19
SZZL,1000000,19
TA,1000000,19
TACT,1000000,19
TAIT,611300,19
TALS,1000000,19
TARA,1000000,19
TARS,1000000,19
TASK,1000000,19
TAYD,127100,19
TBBK,1000000,19
TBCP,553300,19
TBK,1000000,19
TBNK,1000000,19
TBPH,1000000,19
TCBC,364400,19
TCBI,1000000,19
TCBK,1000000,19
TCBX,1000000,19
TCDA,1000000,19
TCFC,1000000,19
TCMD,1000000,19
TCOM,1000000,19
TCPC,1000000,19
TCRX,1000000,19
TCVA,1000000,19
TCX,1000000,19
TDUP,1000000,19
TEAM,1000000,19
TECH,1000000,19
TEDU,468100,19
TEKK,379200,19
TELA,1000000,19
TENB,1000000,19
TER,1000000,19
TESS,1000000,19
TETC,1000000,19
TFFP,1000000,19
TFSL,1000000,19
TGA,1000000,19
TGAA,1000000,19
TGAAU,472700,19
TGTX,1000000,19
TH,1000000,19
THAC,1000000,19
THCP,1000000,19
THFF,1000000,19
THRM,1000000,19
THRN,1000000,19
THRY,1000000,19
TIG,1000000,19
TIL,1000000,19
TILE,1000000,19
TIPT,1000000,19
TITN,1000000,19
TKNO,1000000,19
TLS,1000000,19
TLT,1000000,19
TMCI,1000000,19
TMDX,1000000,19
TMUS,1000000,19
TNDM,1000000,19
TNGX,1000000,19
TNYA,1000000,19
TOWN,1000000,19
TPG,1000000,19
TPIC,1000000,19
TPTX,1000000,19
TQQQ,1000000,19
TREE,1000000,19
TRIN,1000000,19
TRIP,1000000,19
TRMB,1000000,19
TRMD,1000000,19
TRMK,1000000,19
TRMR,1000000,19
TRNS,1000000,19
TRON,1000000,19
TROW,1000000,19
TRS,1000000,19
TRST,1000000,19
TRUP,1000000,19
TSBK,1000000,19
TSCO,1000000,19
TSEM,1000000,19
TSIB,1000000,19
TSLA,1000000,19
TSP,1000000,19
TTD,1000000,19
TTEC,1000000,19
TTEK,1000000,19
TTGT,1000000,19
TTMI,1000000,19
TTSH,1000000,19
TTWO,1000000,19
TVTX,1000000,19
TVTY,1000000,19
TW,1000000,19
TWCB,920700,19
TWIN,1000000,19
TWKS,1000000,19
TWLV,887500,19
TWNK,1000000,19
TWOU,1000000,19
TWST,1000000,19
TXG,1000000,19
TXN,1000000,19
TXRH,1000000,19
TZOO,1000000,19
TZPS,784100,19
TZPSU,279900,19
UAL,1000000,19
UBCP,365800,19
UBFO,1000000,19
UBND,1000000,19
UBOH,399300,19
UBSI,1000000,19
UCBI,1000000,19
UCRD,1000000,19
UCTT,1000000,19
UDMY,1000000,19
UEIC,1000000,19
UFCS,1000000,19
UFPI,1000000,19
UFPT,1000000,19
UG,889700,19
UHAL,1000000,19
UK,412300,19
ULBI,1000000,19
ULCC,1000000,19
ULTA,1000000,19
UMBF,1000000,19
UMPQ,1000000,19
UNIT,1000000,19
UNTY,1000000,19
UPLD,1000000,19
UPWK,1000000,19
URBN,1000000,19
USAK,1000000,19
USAP,1000000,19
USCB,929200,19
USIG,1000000,19
USLM,952900,19
UTAA,1000000,19
UTHR,1000000,19
UTMD,1000000,19
UVSP,1000000,19
VABK,569500,19
VALU,401000,19
VAQC,1000000,19
VBNK,722900,19
VBTX,1000000,19
VC,1000000,19
VCEL,1000000,19
VCIT,1000000,19
VCLT,279900,19
VCSH,1000000,19
VCTR,1000000,19
VCXA,195700,19
VCYT,1000000,19
VECO,1000000,19
VECT,1000000,19
VELO,1000000,19
VERA,1000000,19
VERI,1000000,19
VERV,1000000,19
VERX,1000000,19
VG,1000000,19
VGIT,1000000,19
VGLT,1000000,19
VGSH,1000000,19
VIA,1000000,19
VIAV,1000000,19
VICR,1000000,19
VIGI,409100,19
VII,509600,19
VINP,1000000,19
VIR,1000000,19
VIRC,1000000,19
VIRI,756200,19
VIRT,1000000,19
VITL,1000000,19
VIVO,1000000,19
VLAT,1000000,19
VLATU,279900,19
VLGEA,1000000,19
VLY,1000000,19
VMBS,1000000,19
VMCA,323200,19
VMD,1000000,19
VMEO,1000000,19
VMGA,1000000,19
VNDA,1000000,19
VNET,1000000,19
VNOM,1000000,19
VNQI,1000000,19
VOD,1000000,19
VONG,1000000,19
VONV,1000000,19
VOR,1000000,19
VOXX,1000000,19
VPN,965700,19
VRA,1000000,19
VRDN,1000000,19
VREX,1000000,19
VRNA,1000000,19
VRNS,1000000,19
VRNT,1000000,19
VRRM,1000000,19
VRSK,1000000,19
VRSN,1000000,19
VRTS,1000000,19
VRTX,1000000,19
VSAT,1000000,19
VSEC,1000000,19
VSMV,1000000,19
VSTA,1000000,19
VTAQ,136600,19
VTIP,1000000,19
VTIQ,482000,19
VTRS,1000000,19
VTSI,1000000,19
VTWO,1000000,19
VTWV,1000000,19
VWE,1000000,19
VWOB,1000000,19
VXRT,1000000,19
VXUS,1000000,19
VYGR,1000000,19
VYMI,1000000,19
WABC,1000000,19
WAFD,1000000,19
WALD,1000000,19
WASH,1000000,19
WB,1000000,19
WBA,1000000,19
WBD,1000000,19
WCLD,293200,19
WDAY,1000000,19
WDC,1000000,19
WDFC,1000000,19
WEN,1000000,19
WERN,1000000,19
WETF,1000000,19
WEYS,1000000,19
WFRD,1000000,19
WHF,602900,19
WINA,1000000,19
WING,1000000,19
WIRE,1000000,19
WIX,1000000,19
WKME,104200,19
WLDN,1000000,19
WLFC,1000000,19
WMG,1000000,19
WMPN,1000000,19
WNEB,1000000,19
WOOF,1000000,19
WRLD,1000000,19
WSBC,1000000,19
WSBF,1000000,19
WSC,1000000,19
WSFS,1000000,19
WSTG,1000000,19
WTBA,1000000,19
WTFC,1000000,19
WTW,1000000,19
WVVI,904000,19
WW,1000000,19
WWD,1000000,19
WYNN,1000000,19
XAIR,1000000,19
XBIT,1000000,19
XEL,1000000,19
XENE,1000000,19
XFIN,786600,19
XFINU,291000,19
XGN,1000000,19
XM,1000000,19
XNCR,1000000,19
XOMA,1000000,19
XP,1000000,19
XPDB,267100,19
XPEL,1000000,19
XPER,1000000,19
XRAY,1000000,19
XRX,1000000,19
XT,1000000,19
YMAB,1000000,19
YORW,1000000,19
YY,1000000,19
Z,1000000,19
ZBRA,1000000,19
ZD,1000000,19
ZEUS,1000000,19
ZG,1000000,19
ZI,1000000,19
ZING,1000000,19
ZINGU,686000,19
ZION,1000000,19
ZLAB,1000000,19
ZM,1000000,19
ZNTL,1000000,19
ZS,1000000,19
ZUMZ,1000000,19
ZWRK,1000000,19
ZYXI,1000000,19
